{"platform": {"All_Weights": {"Bias_Weight": 537.5093713942097, "Categorical_Variables": {}, "Numerical_Variables": {"bpf_block_irq": {"mean": 553.1481481481482, "variance": 238273.79286694102, "weight": -33.218221767573404}, "bpf_net_rx_irq": {"mean": 181768656.32407406, "variance": 1443649819856265.8, "weight": 66.08278520258489}, "bpf_net_tx_irq": {"mean": 9846.203703703704, "variance": 31698446.51406036, "weight": 69.89065532640953}}}}}