{"platform": {"All_Weights": {"Bias_Weight": 514.6287842094736, "Categorical_Variables": {}, "Numerical_Variables": {"cgroupfs_cpu_usage_us": {"mean": 122067896269.15277, "variance": 1.3796344704232245e+19, "weight": 67.30638271343055}, "cgroupfs_memory_usage_bytes": {"mean": 9294264320.0, "variance": 4.5867785953885553e+18, "weight": 146.69558662655905}, "cgroupfs_system_cpu_usage_us": {"mean": 32735008472.22222, "variance": 8.52787122633314e+17, "weight": -90.25511163851391}, "cgroupfs_user_cpu_usage_us": {"mean": 77503280277.77777, "variance": 5.643060226329551e+18, "weight": 89.79344389275556}}}}}