{"platform": {"All_Weights": {"Bias_Weight": 492.71309434925894, "Categorical_Variables": {}, "Numerical_Variables": {"bpf_block_irq": {"mean": 191.35922330097088, "variance": 15848.434065416151, "weight": 105.35856584152009}, "bpf_net_rx_irq": {"mean": 33873614.466019414, "variance": 351442208849199.3, "weight": 192.64215128449507}, "bpf_net_tx_irq": {"mean": 4102.199029126214, "variance": 11315262.091455366, "weight": -57.76538181749494}}}}}