{"platform": {"All_Weights": {"Bias_Weight": 457.56246760930117, "Categorical_Variables": {}, "Numerical_Variables": {"bpf_cpu_time_us": {"mean": 3579954811.1574073, "variance": 1.2264179756484216e+18, "weight": 127.98930516640974}}}}}