{"package": {"All_Weights": {"Bias_Weight": 182.54002543598133, "Categorical_Variables": {}, "Numerical_Variables": {"bpf_cpu_time_us": {"mean": 137650220.50684932, "variance": 64906989337960.34, "weight": 17.87077727145235}}}}, "core": {"All_Weights": {"Bias_Weight": 0.0, "Categorical_Variables": {}, "Numerical_Variables": {"bpf_cpu_time_us": {"mean": 137650220.50684932, "variance": 64906989337960.34, "weight": 0.0}}}}, "uncore": {"All_Weights": {"Bias_Weight": 0.0, "Categorical_Variables": {}, "Numerical_Variables": {"bpf_cpu_time_us": {"mean": 137650220.50684932, "variance": 64906989337960.34, "weight": 0.0}}}}, "dram": {"All_Weights": {"Bias_Weight": 3.6142183275826487, "Categorical_Variables": {}, "Numerical_Variables": {"bpf_cpu_time_us": {"mean": 137650220.50684932, "variance": 64906989337960.34, "weight": 0.3517742403199095}}}}}