{"platform": {"All_Weights": {"Bias_Weight": 539.2467535522442, "Categorical_Variables": {}, "Numerical_Variables": {"bpf_cpu_time_us": {"mean": 29381465.69332108, "variance": 8128000178733453.0, "weight": 31.863563303717353}}}}}