{"platform": {"All_Weights": {"Bias_Weight": 502.62550366909153, "Categorical_Variables": {}, "Numerical_Variables": {"bpf_block_irq": {"mean": 191.35922330097088, "variance": 15848.434065416151, "weight": -138.04130356595715}, "bpf_cpu_time_us": {"mean": 465539339.9174757, "variance": 7.060227883529055e+16, "weight": -135.05530040926462}, "bpf_net_rx_irq": {"mean": 33873614.466019414, "variance": 351442208849199.3, "weight": 93.41100016146233}, "bpf_net_tx_irq": {"mean": 4102.199029126214, "variance": 11315262.091455366, "weight": -167.19334171731577}, "cache_miss": {"mean": 0.0, "variance": 0.0, "weight": 0.0}, "cgroupfs_cpu_usage_us": {"mean": 72171294026.23302, "variance": 1.3650994715176947e+18, "weight": 242.0833846059557}, "cgroupfs_memory_usage_bytes": {"mean": 2758914107.6504855, "variance": 8335254941619588.0, "weight": -88.8509746896302}, "cgroupfs_system_cpu_usage_us": {"mean": 23882369854.36893, "variance": 1.436093013994934e+17, "weight": -57.876252926628204}, "cgroupfs_user_cpu_usage_us": {"mean": 42305252718.4466, "variance": 8.152127589586294e+17, "weight": 330.91432089291516}, "cpu_cycles": {"mean": 79593154789567.28, "variance": 6.49327322781566e+27, "weight": -175.02447069413722}, "cpu_instructions": {"mean": 0.0, "variance": 0.0, "weight": 0.0}, "kubelet_cpu_usage": {"mean": 126620.10194174758, "variance": 10194381.51873409, "weight": 42.75397277086084}, "kubelet_memory_bytes": {"mean": 2202646925.669903, "variance": 6302455651139557.0, "weight": -144.03533474611373}}}}}