{"platform": {"All_Weights": {"Bias_Weight": 444.42493394454044, "Categorical_Variables": {}, "Numerical_Variables": {"bpf_cpu_time_us": {"mean": 465539339.9174757, "variance": 7.060227883529055e+16, "weight": 150.90608950185495}}}}}