{"platform": {"All_Weights": {"Bias_Weight": 562.0440372823401, "Categorical_Variables": {}, "Numerical_Variables": {"bpf_block_irq": {"mean": 19.147435897435898, "variance": 9053.029544707428, "weight": 71.94369632143298}, "bpf_net_rx_irq": {"mean": 6291991.949679487, "variance": 87573602839341.98, "weight": 14.384301080803889}, "bpf_net_tx_irq": {"mean": 340.83012820512823, "variance": 2100250.1281948555, "weight": 13.738962961124042}}}}}