{"platform": {"All_Weights": {"Bias_Weight": 557.5881235504238, "Categorical_Variables": {}, "Numerical_Variables": {"cgroupfs_cpu_usage_us": {"mean": 4554928483.273284, "variance": 4.437889997985249e+19, "weight": -47.143501460611866}, "cgroupfs_memory_usage_bytes": {"mean": 174122642.82352942, "variance": 6.262478234519845e+16, "weight": 4.110405078587016}, "cgroupfs_system_cpu_usage_us": {"mean": 1507281920.9558823, "variance": 3.0736052736576154e+18, "weight": -39.18292278693498}, "cgroupfs_user_cpu_usage_us": {"mean": 2670000631.127451, "variance": 1.9617496102548374e+19, "weight": -23.458949966242976}}}}}