{"platform": {"All_Weights": {"Bias_Weight": 541.0178982090531, "Categorical_Variables": {}, "Numerical_Variables": {"bpf_block_irq": {"mean": 12.077205882352942, "variance": 1511.4327647419266, "weight": 91.36980103065399}, "bpf_cpu_time_us": {"mean": 29381465.69332108, "variance": 8128000178733453.0, "weight": -271.1345283651303}, "bpf_net_rx_irq": {"mean": 2137856.7953431373, "variance": 10407307878382.572, "weight": 234.20575788108056}, "bpf_net_tx_irq": {"mean": 258.9010416666667, "variance": 821749.0885528366, "weight": -98.34625491075306}, "cache_miss": {"mean": 0.0, "variance": 0.0, "weight": 0.0}, "cgroupfs_cpu_usage_us": {"mean": 4554928483.273284, "variance": 4.437889997985249e+19, "weight": -9.860897395671653}, "cgroupfs_memory_usage_bytes": {"mean": 174122642.82352942, "variance": 6.262478234519845e+16, "weight": -123.37856793901862}, "cgroupfs_system_cpu_usage_us": {"mean": 1507281920.9558823, "variance": 3.0736052736576154e+18, "weight": -28.79840608285117}, "cgroupfs_user_cpu_usage_us": {"mean": 2670000631.127451, "variance": 1.9617496102548374e+19, "weight": 18.708999580976432}, "cpu_cycles": {"mean": 5023342489782.739, "variance": 3.780526390970714e+26, "weight": -7.319791356411743}, "cpu_instructions": {"mean": 0.0, "variance": 0.0, "weight": 0.0}, "kubelet_cpu_usage": {"mean": 7991.342218137255, "variance": 84614388.33723722, "weight": -15.78063044872032}, "kubelet_memory_bytes": {"mean": 139015093.96078432, "variance": 4.3986561543065336e+16, "weight": -130.08779495104977}}}}}