{"platform": {"All_Weights": {"Bias_Weight": 504.21912814506624, "Categorical_Variables": {}, "Numerical_Variables": {"cgroupfs_cpu_usage_us": {"mean": 4225427178.547596, "variance": 5.778536527723327e+19, "weight": -7.162834098686029}, "cgroupfs_memory_usage_bytes": {"mean": 321724534.15384614, "variance": 3.122388891230201e+17, "weight": 55.3184727707493}, "cgroupfs_system_cpu_usage_us": {"mean": 1133134908.6538463, "variance": 3.530667632383421e+18, "weight": 7.417202513223079}, "cgroupfs_user_cpu_usage_us": {"mean": 2682805855.769231, "variance": 2.539726327914078e+19, "weight": -13.258436935578892}}}}}