{"platform": {"All_Weights": {"Bias_Weight": 509.3451021054243, "Categorical_Variables": {}, "Numerical_Variables": {"bpf_block_irq": {"mean": 19.147435897435898, "variance": 9053.029544707428, "weight": 103.4520945507812}, "bpf_cpu_time_us": {"mean": 123921512.69391026, "variance": 1.456037000928097e+17, "weight": 52.88672851819474}, "bpf_net_rx_irq": {"mean": 6291991.949679487, "variance": 87573602839341.98, "weight": 51.04062645558295}, "bpf_net_tx_irq": {"mean": 340.83012820512823, "variance": 2100250.1281948555, "weight": -80.87727388504737}, "cache_miss": {"mean": 0.0, "variance": 0.0, "weight": 0.0}, "cgroupfs_cpu_usage_us": {"mean": 4225427178.547596, "variance": 5.778536527723327e+19, "weight": -13.579283309205714}, "cgroupfs_memory_usage_bytes": {"mean": 321724534.15384614, "variance": 3.122388891230201e+17, "weight": 101.63391976831872}, "cgroupfs_system_cpu_usage_us": {"mean": 1133134908.6538463, "variance": 3.530667632383421e+18, "weight": -70.44263259465231}, "cgroupfs_user_cpu_usage_us": {"mean": 2682805855.769231, "variance": 2.539726327914078e+19, "weight": -5.043900410111086}, "cpu_cycles": {"mean": 17292843141888.162, "variance": 2.6043449669931565e+27, "weight": -100.76335681278556}, "cpu_instructions": {"mean": 0.0, "variance": 0.0, "weight": 0.0}, "kubelet_cpu_usage": {"mean": 4192.6370192307695, "variance": 57886913.062956505, "weight": 5.366050084028836}, "kubelet_memory_bytes": {"mean": 217105216.32820514, "variance": 2.4338002452535005e+17, "weight": -25.244366053346567}}}}}