{"platform": {"All_Weights": {"Bias_Weight": 512.0854635472, "Categorical_Variables": {}, "Numerical_Variables": {"cgroupfs_cpu_usage_us": {"mean": 72171294026.23302, "variance": 1.3650994715176947e+18, "weight": 103.73349175373389}, "cgroupfs_memory_usage_bytes": {"mean": 2758914107.6504855, "variance": 8335254941619588.0, "weight": 154.39945847868833}, "cgroupfs_system_cpu_usage_us": {"mean": 23882369854.36893, "variance": 1.436093013994934e+17, "weight": -235.05918540790805}, "cgroupfs_user_cpu_usage_us": {"mean": 42305252718.4466, "variance": 8.152127589586294e+17, "weight": 230.22268826096288}}}}}