{"platform": {"All_Weights": {"Bias_Weight": 506.9043822935895, "Categorical_Variables": {}, "Numerical_Variables": {"bpf_block_irq": {"mean": 553.1481481481482, "variance": 238273.79286694102, "weight": 12.429223840794151}, "bpf_cpu_time_us": {"mean": 3579954811.1574073, "variance": 1.2264179756484216e+18, "weight": 128.4832096542636}, "bpf_net_rx_irq": {"mean": 181768656.32407406, "variance": 1443649819856265.8, "weight": -132.37490334909847}, "bpf_net_tx_irq": {"mean": 9846.203703703704, "variance": 31698446.51406036, "weight": 75.52674606361948}, "cache_miss": {"mean": 0.0, "variance": 0.0, "weight": 0.0}, "cgroupfs_cpu_usage_us": {"mean": 122067896269.15277, "variance": 1.3796344704232245e+19, "weight": 16.97673112217644}, "cgroupfs_memory_usage_bytes": {"mean": 9294264320.0, "variance": 4.5867785953885553e+18, "weight": -127.71138656152849}, "cgroupfs_system_cpu_usage_us": {"mean": 32735008472.22222, "variance": 8.52787122633314e+17, "weight": -7.185190869204263}, "cgroupfs_user_cpu_usage_us": {"mean": 77503280277.77777, "variance": 5.643060226329551e+18, "weight": 25.416388798671626}, "cpu_cycles": {"mean": 499571024098991.44, "variance": 2.8518515774798466e+28, "weight": -22.102781567653224}, "cpu_instructions": {"mean": 0.0, "variance": 0.0, "weight": 0.0}, "kubelet_cpu_usage": {"mean": 121120.625, "variance": 12772074.74363426, "weight": 32.731698067584645}, "kubelet_memory_bytes": {"mean": 6271928471.703704, "variance": 3.1937971685529784e+18, "weight": 10.231364880836928}}}}}