{"platform": {"All_Weights": {"Bias_Weight": 572.9562300925696, "Categorical_Variables": {}, "Numerical_Variables": {"bpf_block_irq": {"mean": 553.1481481481482, "variance": 238273.79286694102, "weight": 37.45068938884245}, "bpf_cpu_time_us": {"mean": 3579954811.1574073, "variance": 1.2264179756484216e+18, "weight": 127.6046844079513}, "bpf_net_rx_irq": {"mean": 181768656.32407406, "variance": 1443649819856265.8, "weight": -25.456094110275423}, "bpf_net_tx_irq": {"mean": 9846.203703703704, "variance": 31698446.51406036, "weight": 109.77942573169682}, "cache_miss": {"mean": 0.0, "variance": 0.0, "weight": 0.0}, "cgroupfs_cpu_usage_us": {"mean": 122067896269.15277, "variance": 1.3796344704232245e+19, "weight": 13.111666988576994}, "cgroupfs_memory_usage_bytes": {"mean": 9294264320.0, "variance": 4.5867785953885553e+18, "weight": 43.14931028059665}, "cgroupfs_system_cpu_usage_us": {"mean": 32735008472.22222, "variance": 8.52787122633314e+17, "weight": 3.459429907548012}, "cgroupfs_user_cpu_usage_us": {"mean": 77503280277.77777, "variance": 5.643060226329551e+18, "weight": 20.802493719579164}, "cpu_cycles": {"mean": 499571024098991.44, "variance": 2.8518515774798466e+28, "weight": 1.9001329335087425}, "cpu_instructions": {"mean": 0.0, "variance": 0.0, "weight": 0.0}, "kubelet_cpu_usage": {"mean": 121120.625, "variance": 12772074.74363426, "weight": 8.883453102381196}, "kubelet_memory_bytes": {"mean": 6271928471.703704, "variance": 3.1937971685529784e+18, "weight": -177.2611079982357}, "nodeInfo": {"mean": 1.0, "variance": 0.0, "weight": 0.0}}}}}