{"platform": {"All_Weights": {"Bias_Weight": 498.20250316360307, "Categorical_Variables": {}, "Numerical_Variables": {"bpf_block_irq": {"mean": 19.147435897435898, "variance": 9053.029544707428, "weight": 46.64102595670185}, "bpf_net_rx_irq": {"mean": 6291991.949679487, "variance": 87573602839341.98, "weight": 31.75077334884953}, "bpf_net_tx_irq": {"mean": 340.83012820512823, "variance": 2100250.1281948555, "weight": -40.27538552103208}, "cache_miss": {"mean": 0.0, "variance": 0.0, "weight": 0.0}, "cpu_cycles": {"mean": 17292843141888.162, "variance": 2.6043449669931565e+27, "weight": 53.12943857122351}, "cpu_instructions": {"mean": 0.0, "variance": 0.0, "weight": 0.0}}}}}