{"platform": {"All_Weights": {"Bias_Weight": 477.3795859814706, "Categorical_Variables": {}, "Numerical_Variables": {"bpf_cpu_time_us": {"mean": 123921512.69391026, "variance": 1.456037000928097e+17, "weight": 18.447587247163817}}}}}