{"platform": {"All_Weights": {"Bias_Weight": 541.4341082878738, "Categorical_Variables": {}, "Numerical_Variables": {"kubelet_cpu_usage": {"mean": 7991.342218137255, "variance": 84614388.33723722, "weight": 43.74015527068665}, "kubelet_memory_bytes": {"mean": 139015093.96078432, "variance": 4.3986561543065336e+16, "weight": -3.8163841774912113}}}}}