{"platform": {"All_Weights": {"Bias_Weight": 552.1219463522065, "Categorical_Variables": {}, "Numerical_Variables": {"bpf_block_irq": {"mean": 12.077205882352942, "variance": 1511.4327647419266, "weight": 67.11053648578388}, "bpf_net_rx_irq": {"mean": 2137856.7953431373, "variance": 10407307878382.572, "weight": 151.88042066751143}, "bpf_net_tx_irq": {"mean": 258.9010416666667, "variance": 821749.0885528366, "weight": -90.85228214345409}}}}}