{"platform": {"All_Weights": {"Bias_Weight": 550.3060695369612, "Categorical_Variables": {}, "Numerical_Variables": {"bpf_block_irq": {"mean": 12.077205882352942, "variance": 1511.4327647419266, "weight": 33.88994475488953}, "bpf_net_rx_irq": {"mean": 2137856.7953431373, "variance": 10407307878382.572, "weight": 149.38084487549904}, "bpf_net_tx_irq": {"mean": 258.9010416666667, "variance": 821749.0885528366, "weight": -74.22049699138559}, "cache_miss": {"mean": 0.0, "variance": 0.0, "weight": 0.0}, "cpu_cycles": {"mean": 5023342489782.739, "variance": 3.780526390970714e+26, "weight": 111.18200502678302}, "cpu_instructions": {"mean": 0.0, "variance": 0.0, "weight": 0.0}}}}}