{"platform": {"All_Weights": {"Bias_Weight": 579.6417374839888, "Categorical_Variables": {}, "Numerical_Variables": {"bpf_block_irq": {"mean": 553.1481481481482, "variance": 238273.79286694102, "weight": -14.147728068315624}, "bpf_net_rx_irq": {"mean": 181768656.32407406, "variance": 1443649819856265.8, "weight": -10.785127185890337}, "bpf_net_tx_irq": {"mean": 9846.203703703704, "variance": 31698446.51406036, "weight": 124.74651396578466}, "cache_miss": {"mean": 0.0, "variance": 0.0, "weight": 0.0}, "cpu_cycles": {"mean": 499571024098991.44, "variance": 2.8518515774798466e+28, "weight": 15.256377118927043}, "cpu_instructions": {"mean": 0.0, "variance": 0.0, "weight": 0.0}}}}}